ID,Label
img_0001.jpg,biological
img_0002.jpg,battery
img_0003.jpg,glass
img_0004.jpg,clothes
img_0005.jpg,clothes
img_0006.jpg,cardboard
img_0007.jpg,biological
img_0008.jpg,shoes
img_0009.jpg,biological
img_0010.jpg,trash
img_0011.jpg,paper
img_0012.jpg,battery
img_0013.jpg,battery
img_0014.jpg,biological
img_0015.jpg,clothes
img_0016.jpg,clothes
img_0017.jpg,shoes
img_0018.jpg,trash
img_0019.jpg,battery
img_0020.jpg,shoes
img_0021.jpg,clothes
img_0022.jpg,shoes
img_0023.jpg,paper
img_0024.jpg,clothes
img_0025.jpg,plastic
img_0026.jpg,trash
img_0027.jpg,glass
img_0028.jpg,battery
img_0029.jpg,cardboard
img_0030.jpg,paper
img_0031.jpg,metal
img_0032.jpg,glass
img_0033.jpg,cardboard
img_0034.jpg,clothes
img_0035.jpg,metal
img_0036.jpg,biological
img_0037.jpg,biological
img_0038.jpg,paper
img_0039.jpg,biological
img_0040.jpg,metal
img_0041.jpg,metal
img_0042.jpg,trash
img_0043.jpg,glass
img_0044.jpg,battery
img_0045.jpg,plastic
img_0046.jpg,shoes
img_0047.jpg,biological
img_0048.jpg,paper
img_0049.jpg,biological
img_0050.jpg,shoes
img_0051.jpg,glass
img_0052.jpg,trash
img_0053.jpg,metal
img_0054.jpg,trash
img_0055.jpg,clothes
img_0056.jpg,biological
img_0057.jpg,battery
img_0058.jpg,clothes
img_0059.jpg,glass
img_0060.jpg,biological
img_0061.jpg,clothes
img_0062.jpg,biological
img_0063.jpg,paper
img_0064.jpg,glass
img_0065.jpg,plastic
img_0066.jpg,metal
img_0067.jpg,cardboard
img_0068.jpg,metal
img_0069.jpg,metal
img_0070.jpg,clothes
img_0071.jpg,glass
img_0072.jpg,biological
img_0073.jpg,trash
img_0074.jpg,cardboard
img_0075.jpg,shoes
img_0076.jpg,clothes
img_0077.jpg,cardboard
img_0078.jpg,plastic
img_0079.jpg,paper
img_0080.jpg,glass
img_0081.jpg,shoes
img_0082.jpg,clothes
img_0083.jpg,metal
img_0084.jpg,battery
img_0085.jpg,clothes
img_0086.jpg,battery
img_0087.jpg,metal
img_0088.jpg,paper
img_0089.jpg,glass
img_0090.jpg,biological
img_0091.jpg,clothes
img_0092.jpg,trash
img_0093.jpg,metal
img_0094.jpg,clothes
img_0095.jpg,plastic
img_0096.jpg,paper
img_0097.jpg,plastic
img_0098.jpg,cardboard
img_0099.jpg,glass
img_0100.jpg,cardboard
img_0101.jpg,clothes
img_0102.jpg,shoes
img_0103.jpg,shoes
img_0104.jpg,glass
img_0105.jpg,trash
img_0106.jpg,paper
img_0107.jpg,trash
img_0108.jpg,paper
img_0109.jpg,metal
img_0110.jpg,clothes
img_0111.jpg,cardboard
img_0112.jpg,shoes
img_0113.jpg,plastic
img_0114.jpg,biological
img_0115.jpg,battery
img_0116.jpg,biological
img_0117.jpg,cardboard
img_0118.jpg,cardboard
img_0119.jpg,paper
img_0120.jpg,trash
img_0121.jpg,biological
img_0122.jpg,paper
img_0123.jpg,paper
img_0124.jpg,trash
img_0125.jpg,plastic
img_0126.jpg,shoes
img_0127.jpg,glass
img_0128.jpg,shoes
img_0129.jpg,battery
img_0130.jpg,biological
img_0131.jpg,shoes
img_0132.jpg,glass
img_0133.jpg,metal
img_0134.jpg,biological
img_0135.jpg,glass
img_0136.jpg,paper
img_0137.jpg,cardboard
img_0138.jpg,plastic
img_0139.jpg,battery
img_0140.jpg,glass
img_0141.jpg,shoes
img_0142.jpg,cardboard
img_0143.jpg,shoes
img_0144.jpg,biological
img_0145.jpg,glass
img_0146.jpg,shoes
img_0147.jpg,trash
img_0148.jpg,clothes
img_0149.jpg,cardboard
img_0150.jpg,metal
img_0151.jpg,cardboard
img_0152.jpg,shoes
img_0153.jpg,shoes
img_0154.jpg,battery
img_0155.jpg,trash
img_0156.jpg,metal
img_0157.jpg,plastic
img_0158.jpg,battery
img_0159.jpg,biological
img_0160.jpg,metal
img_0161.jpg,glass
img_0162.jpg,clothes
img_0163.jpg,battery
img_0164.jpg,clothes
img_0165.jpg,trash
img_0166.jpg,biological
img_0167.jpg,biological
img_0168.jpg,plastic
img_0169.jpg,biological
img_0170.jpg,shoes
img_0171.jpg,cardboard
img_0172.jpg,cardboard
img_0173.jpg,plastic
img_0174.jpg,shoes
img_0175.jpg,cardboard
img_0176.jpg,glass
img_0177.jpg,shoes
img_0178.jpg,trash
img_0179.jpg,paper
img_0180.jpg,clothes
img_0181.jpg,shoes
img_0182.jpg,clothes
img_0183.jpg,glass
img_0184.jpg,paper
img_0185.jpg,metal
img_0186.jpg,plastic
img_0187.jpg,shoes
img_0188.jpg,plastic
img_0189.jpg,biological
img_0190.jpg,clothes
img_0191.jpg,clothes
img_0192.jpg,biological
img_0193.jpg,metal
img_0194.jpg,battery
img_0195.jpg,trash
img_0196.jpg,shoes
img_0197.jpg,clothes
img_0198.jpg,trash
img_0199.jpg,clothes
img_0200.jpg,battery
img_0201.jpg,biological
img_0202.jpg,battery
img_0203.jpg,clothes
img_0204.jpg,biological
img_0205.jpg,battery
img_0206.jpg,metal
img_0207.jpg,biological
img_0208.jpg,shoes
img_0209.jpg,clothes
img_0210.jpg,glass
img_0211.jpg,plastic
img_0212.jpg,clothes
img_0213.jpg,shoes
img_0214.jpg,cardboard
img_0215.jpg,trash
img_0216.jpg,trash
img_0217.jpg,plastic
img_0218.jpg,clothes
img_0219.jpg,plastic
img_0220.jpg,paper
img_0221.jpg,clothes
img_0222.jpg,biological
img_0223.jpg,biological
img_0224.jpg,paper
img_0225.jpg,metal
img_0226.jpg,paper
img_0227.jpg,paper
img_0228.jpg,plastic
img_0229.jpg,battery
img_0230.jpg,biological
img_0231.jpg,battery
img_0232.jpg,paper
img_0233.jpg,metal
img_0234.jpg,biological
img_0235.jpg,clothes
img_0236.jpg,clothes
img_0237.jpg,clothes
img_0238.jpg,shoes
img_0239.jpg,plastic
img_0240.jpg,cardboard
img_0241.jpg,paper
img_0242.jpg,cardboard
img_0243.jpg,glass
img_0244.jpg,plastic
img_0245.jpg,clothes
img_0246.jpg,biological
img_0247.jpg,plastic
img_0248.jpg,shoes
img_0249.jpg,biological
img_0250.jpg,battery
img_0251.jpg,shoes
img_0252.jpg,battery
img_0253.jpg,biological
img_0254.jpg,clothes
img_0255.jpg,cardboard
img_0256.jpg,paper
img_0257.jpg,plastic
img_0258.jpg,plastic
img_0259.jpg,clothes
img_0260.jpg,paper
img_0261.jpg,battery
img_0262.jpg,cardboard
img_0263.jpg,paper
img_0264.jpg,battery
img_0265.jpg,paper
img_0266.jpg,glass
img_0267.jpg,plastic
img_0268.jpg,glass
img_0269.jpg,paper
img_0270.jpg,shoes
img_0271.jpg,plastic
img_0272.jpg,cardboard
img_0273.jpg,clothes
img_0274.jpg,glass
img_0275.jpg,clothes
img_0276.jpg,battery
img_0277.jpg,trash
img_0278.jpg,shoes
img_0279.jpg,battery
img_0280.jpg,metal
img_0281.jpg,battery
img_0282.jpg,battery
img_0283.jpg,trash
img_0284.jpg,plastic
img_0285.jpg,shoes
img_0286.jpg,shoes
img_0287.jpg,cardboard
img_0288.jpg,battery
img_0289.jpg,shoes
img_0290.jpg,biological
img_0291.jpg,cardboard
img_0292.jpg,biological
img_0293.jpg,trash
img_0294.jpg,biological
img_0295.jpg,clothes
img_0296.jpg,paper
img_0297.jpg,biological
img_0298.jpg,trash
img_0299.jpg,clothes
img_0300.jpg,trash
img_0301.jpg,trash
img_0302.jpg,battery
img_0303.jpg,trash
img_0304.jpg,biological
img_0305.jpg,paper
img_0306.jpg,trash
img_0307.jpg,trash
img_0308.jpg,shoes
img_0309.jpg,metal
img_0310.jpg,glass
img_0311.jpg,clothes
img_0312.jpg,metal
img_0313.jpg,clothes
img_0314.jpg,glass
img_0315.jpg,paper
img_0316.jpg,cardboard
img_0317.jpg,glass
img_0318.jpg,plastic
img_0319.jpg,metal
img_0320.jpg,biological
img_0321.jpg,battery
img_0322.jpg,plastic
img_0323.jpg,trash
img_0324.jpg,trash
img_0325.jpg,biological
img_0326.jpg,biological
img_0327.jpg,shoes
img_0328.jpg,clothes
img_0329.jpg,shoes
img_0330.jpg,glass
img_0331.jpg,cardboard
img_0332.jpg,metal
img_0333.jpg,biological
img_0334.jpg,clothes
img_0335.jpg,metal
img_0336.jpg,glass
img_0337.jpg,cardboard
img_0338.jpg,plastic
img_0339.jpg,shoes
img_0340.jpg,glass
img_0341.jpg,trash
img_0342.jpg,shoes
img_0343.jpg,battery
img_0344.jpg,shoes
img_0345.jpg,glass
img_0346.jpg,biological
img_0347.jpg,cardboard
img_0348.jpg,glass
img_0349.jpg,biological
img_0350.jpg,biological
img_0351.jpg,shoes
img_0352.jpg,cardboard
img_0353.jpg,glass
img_0354.jpg,glass
img_0355.jpg,trash
img_0356.jpg,clothes
img_0357.jpg,metal
img_0358.jpg,clothes
img_0359.jpg,glass
img_0360.jpg,shoes
img_0361.jpg,plastic
img_0362.jpg,glass
img_0363.jpg,battery
img_0364.jpg,biological
img_0365.jpg,paper
img_0366.jpg,glass
img_0367.jpg,battery
img_0368.jpg,battery
img_0369.jpg,metal
img_0370.jpg,cardboard
img_0371.jpg,glass
img_0372.jpg,cardboard
img_0373.jpg,plastic
img_0374.jpg,shoes
img_0375.jpg,paper
img_0376.jpg,shoes
img_0377.jpg,battery
img_0378.jpg,biological
img_0379.jpg,biological
img_0380.jpg,cardboard
img_0381.jpg,shoes
img_0382.jpg,battery
img_0383.jpg,metal
img_0384.jpg,trash
img_0385.jpg,shoes
img_0386.jpg,cardboard
img_0387.jpg,paper
img_0388.jpg,cardboard
img_0389.jpg,battery
img_0390.jpg,glass
img_0391.jpg,metal
img_0392.jpg,battery
img_0393.jpg,metal
img_0394.jpg,clothes
img_0395.jpg,clothes
img_0396.jpg,biological
img_0397.jpg,metal
img_0398.jpg,shoes
img_0399.jpg,paper
img_0400.jpg,trash
img_0401.jpg,cardboard
img_0402.jpg,clothes
img_0403.jpg,cardboard
img_0404.jpg,cardboard
img_0405.jpg,paper
img_0406.jpg,battery
img_0407.jpg,cardboard
img_0408.jpg,metal
img_0409.jpg,paper
img_0410.jpg,clothes
img_0411.jpg,glass
img_0412.jpg,cardboard
img_0413.jpg,biological
img_0414.jpg,paper
img_0415.jpg,battery
img_0416.jpg,plastic
img_0417.jpg,clothes
img_0418.jpg,clothes
img_0419.jpg,plastic
img_0420.jpg,metal
img_0421.jpg,glass
img_0422.jpg,clothes
img_0423.jpg,clothes
img_0424.jpg,battery
img_0425.jpg,clothes
img_0426.jpg,paper
img_0427.jpg,metal
img_0428.jpg,glass
img_0429.jpg,biological
img_0430.jpg,glass
img_0431.jpg,metal
img_0432.jpg,shoes
img_0433.jpg,paper
img_0434.jpg,shoes
img_0435.jpg,metal
img_0436.jpg,battery
img_0437.jpg,biological
img_0438.jpg,glass
img_0439.jpg,cardboard
img_0440.jpg,trash
img_0441.jpg,glass
img_0442.jpg,battery
img_0443.jpg,biological
img_0444.jpg,trash
img_0445.jpg,paper
img_0446.jpg,metal
img_0447.jpg,metal
img_0448.jpg,paper
img_0449.jpg,trash
img_0450.jpg,shoes
img_0451.jpg,biological
img_0452.jpg,paper
img_0453.jpg,trash
img_0454.jpg,clothes
img_0455.jpg,glass
img_0456.jpg,battery
img_0457.jpg,paper
img_0458.jpg,battery
img_0459.jpg,shoes
img_0460.jpg,shoes
img_0461.jpg,clothes
img_0462.jpg,metal
img_0463.jpg,paper
img_0464.jpg,biological
img_0465.jpg,metal
img_0466.jpg,trash
img_0467.jpg,metal
img_0468.jpg,biological
img_0469.jpg,glass
img_0470.jpg,shoes
img_0471.jpg,glass
img_0472.jpg,paper
img_0473.jpg,metal
img_0474.jpg,paper
img_0475.jpg,glass
img_0476.jpg,shoes
img_0477.jpg,cardboard
img_0478.jpg,clothes
img_0479.jpg,paper
img_0480.jpg,paper
img_0481.jpg,cardboard
img_0482.jpg,trash
img_0483.jpg,trash
img_0484.jpg,glass
img_0485.jpg,paper
img_0486.jpg,shoes
img_0487.jpg,battery
img_0488.jpg,glass
img_0489.jpg,glass
img_0490.jpg,clothes
img_0491.jpg,paper
img_0492.jpg,trash
img_0493.jpg,trash
img_0494.jpg,metal
img_0495.jpg,plastic
img_0496.jpg,plastic
img_0497.jpg,plastic
img_0498.jpg,clothes
img_0499.jpg,shoes
img_0500.jpg,plastic
img_0501.jpg,cardboard
img_0502.jpg,biological
img_0503.jpg,glass
img_0504.jpg,shoes
img_0505.jpg,trash
img_0506.jpg,metal
img_0507.jpg,biological
img_0508.jpg,clothes
img_0509.jpg,glass
img_0510.jpg,clothes
img_0511.jpg,clothes
img_0512.jpg,cardboard
img_0513.jpg,battery
img_0514.jpg,battery
img_0515.jpg,clothes
img_0516.jpg,plastic
img_0517.jpg,trash
img_0518.jpg,biological
img_0519.jpg,plastic
img_0520.jpg,paper
img_0521.jpg,trash
img_0522.jpg,clothes
img_0523.jpg,paper
img_0524.jpg,plastic
img_0525.jpg,paper
img_0526.jpg,clothes
img_0527.jpg,cardboard
img_0528.jpg,battery
img_0529.jpg,biological
img_0530.jpg,paper
img_0531.jpg,clothes
img_0532.jpg,cardboard
img_0533.jpg,shoes
img_0534.jpg,plastic
img_0535.jpg,battery
img_0536.jpg,shoes
img_0537.jpg,clothes
img_0538.jpg,biological
img_0539.jpg,plastic
img_0540.jpg,cardboard
img_0541.jpg,plastic
img_0542.jpg,shoes
img_0543.jpg,shoes
img_0544.jpg,trash
img_0545.jpg,metal
img_0546.jpg,plastic
img_0547.jpg,trash
img_0548.jpg,shoes
img_0549.jpg,paper
img_0550.jpg,shoes
img_0551.jpg,plastic
img_0552.jpg,cardboard
img_0553.jpg,plastic
img_0554.jpg,plastic
img_0555.jpg,glass
img_0556.jpg,clothes
img_0557.jpg,glass
img_0558.jpg,shoes
img_0559.jpg,plastic
img_0560.jpg,clothes
img_0561.jpg,glass
img_0562.jpg,plastic
img_0563.jpg,biological
img_0564.jpg,glass
img_0565.jpg,clothes
img_0566.jpg,glass
img_0567.jpg,metal
img_0568.jpg,metal
img_0569.jpg,shoes
img_0570.jpg,biological
img_0571.jpg,cardboard
img_0572.jpg,cardboard
img_0573.jpg,clothes
img_0574.jpg,paper
img_0575.jpg,cardboard
img_0576.jpg,clothes
img_0577.jpg,biological
img_0578.jpg,paper
img_0579.jpg,paper
img_0580.jpg,metal
img_0581.jpg,shoes
img_0582.jpg,plastic
img_0583.jpg,paper
img_0584.jpg,battery
img_0585.jpg,clothes
img_0586.jpg,paper
img_0587.jpg,paper
img_0588.jpg,trash
img_0589.jpg,battery
img_0590.jpg,trash
img_0591.jpg,paper
img_0592.jpg,plastic
img_0593.jpg,battery
img_0594.jpg,metal
img_0595.jpg,glass
img_0596.jpg,paper
img_0597.jpg,paper
img_0598.jpg,shoes
img_0599.jpg,shoes
img_0600.jpg,trash
img_0601.jpg,clothes
img_0602.jpg,plastic
img_0603.jpg,clothes
img_0604.jpg,glass
img_0605.jpg,paper
img_0606.jpg,plastic
img_0607.jpg,battery
img_0608.jpg,paper
img_0609.jpg,metal
img_0610.jpg,paper
img_0611.jpg,cardboard
img_0612.jpg,plastic
img_0613.jpg,cardboard
img_0614.jpg,trash
img_0615.jpg,shoes
img_0616.jpg,battery
img_0617.jpg,paper
img_0618.jpg,trash
img_0619.jpg,trash
img_0620.jpg,battery
img_0621.jpg,biological
img_0622.jpg,paper
img_0623.jpg,cardboard
img_0624.jpg,plastic
img_0625.jpg,cardboard
img_0626.jpg,battery
img_0627.jpg,glass
img_0628.jpg,paper
img_0629.jpg,metal
img_0630.jpg,clothes
img_0631.jpg,plastic
img_0632.jpg,metal
img_0633.jpg,metal
img_0634.jpg,paper
img_0635.jpg,glass
img_0636.jpg,paper
img_0637.jpg,glass
img_0638.jpg,biological
img_0639.jpg,plastic
img_0640.jpg,battery
img_0641.jpg,shoes
img_0642.jpg,battery
img_0643.jpg,metal
img_0644.jpg,clothes
img_0645.jpg,biological
img_0646.jpg,battery
img_0647.jpg,battery
img_0648.jpg,clothes
img_0649.jpg,clothes
img_0650.jpg,battery
img_0651.jpg,trash
img_0652.jpg,cardboard
img_0653.jpg,clothes
img_0654.jpg,cardboard
img_0655.jpg,plastic
img_0656.jpg,biological
img_0657.jpg,trash
img_0658.jpg,clothes
img_0659.jpg,plastic
img_0660.jpg,glass
img_0661.jpg,metal
img_0662.jpg,cardboard
img_0663.jpg,trash
img_0664.jpg,trash
img_0665.jpg,biological
img_0666.jpg,cardboard
img_0667.jpg,glass
img_0668.jpg,biological
img_0669.jpg,trash
img_0670.jpg,battery
img_0671.jpg,glass
img_0672.jpg,trash
img_0673.jpg,paper
img_0674.jpg,paper
img_0675.jpg,clothes
img_0676.jpg,biological
img_0677.jpg,trash
img_0678.jpg,clothes
img_0679.jpg,biological
img_0680.jpg,glass
img_0681.jpg,trash
img_0682.jpg,biological
img_0683.jpg,trash
img_0684.jpg,battery
img_0685.jpg,metal
img_0686.jpg,shoes
img_0687.jpg,paper
img_0688.jpg,metal
img_0689.jpg,biological
img_0690.jpg,shoes
img_0691.jpg,metal
img_0692.jpg,battery
img_0693.jpg,paper
img_0694.jpg,plastic
img_0695.jpg,biological
img_0696.jpg,paper
img_0697.jpg,metal
img_0698.jpg,plastic
img_0699.jpg,cardboard
img_0700.jpg,paper
img_0701.jpg,cardboard
img_0702.jpg,shoes
img_0703.jpg,glass
img_0704.jpg,trash
img_0705.jpg,shoes
img_0706.jpg,plastic
img_0707.jpg,plastic
img_0708.jpg,paper
img_0709.jpg,trash
img_0710.jpg,glass
img_0711.jpg,metal
img_0712.jpg,clothes
img_0713.jpg,biological
img_0714.jpg,glass
img_0715.jpg,plastic
img_0716.jpg,clothes
img_0717.jpg,plastic
img_0718.jpg,trash
img_0719.jpg,trash
img_0720.jpg,paper
img_0721.jpg,metal
img_0722.jpg,battery
img_0723.jpg,plastic
img_0724.jpg,metal
img_0725.jpg,cardboard
img_0726.jpg,plastic
img_0727.jpg,clothes
img_0728.jpg,metal
img_0729.jpg,glass
img_0730.jpg,metal
img_0731.jpg,glass
img_0732.jpg,trash
img_0733.jpg,glass
img_0734.jpg,shoes
img_0735.jpg,battery
img_0736.jpg,shoes
img_0737.jpg,clothes
img_0738.jpg,biological
img_0739.jpg,clothes
img_0740.jpg,paper
img_0741.jpg,plastic
img_0742.jpg,shoes
img_0743.jpg,clothes
img_0744.jpg,plastic
img_0745.jpg,plastic
img_0746.jpg,plastic
img_0747.jpg,battery
img_0748.jpg,biological
img_0749.jpg,glass
img_0750.jpg,clothes
img_0751.jpg,paper
img_0752.jpg,clothes
img_0753.jpg,glass
img_0754.jpg,trash
img_0755.jpg,metal
img_0756.jpg,plastic
img_0757.jpg,shoes
img_0758.jpg,shoes
img_0759.jpg,metal
img_0760.jpg,paper
img_0761.jpg,shoes
img_0762.jpg,metal
img_0763.jpg,metal
img_0764.jpg,plastic
img_0765.jpg,glass
img_0766.jpg,glass
img_0767.jpg,glass
img_0768.jpg,clothes
img_0769.jpg,biological
img_0770.jpg,clothes
img_0771.jpg,metal
img_0772.jpg,biological
img_0773.jpg,shoes
img_0774.jpg,cardboard
img_0775.jpg,clothes
img_0776.jpg,clothes
img_0777.jpg,plastic
img_0778.jpg,glass
img_0779.jpg,trash
img_0780.jpg,shoes
img_0781.jpg,trash
img_0782.jpg,glass
img_0783.jpg,biological
img_0784.jpg,clothes
img_0785.jpg,glass
img_0786.jpg,clothes
img_0787.jpg,metal
img_0788.jpg,cardboard
img_0789.jpg,glass
img_0790.jpg,battery
img_0791.jpg,shoes
img_0792.jpg,cardboard
img_0793.jpg,glass
img_0794.jpg,battery
img_0795.jpg,battery
img_0796.jpg,shoes
img_0797.jpg,glass
img_0798.jpg,cardboard
img_0799.jpg,plastic
img_0800.jpg,biological
img_0801.jpg,battery
img_0802.jpg,trash
img_0803.jpg,glass
img_0804.jpg,plastic
img_0805.jpg,plastic
img_0806.jpg,plastic
img_0807.jpg,metal
img_0808.jpg,cardboard
img_0809.jpg,battery
img_0810.jpg,glass
img_0811.jpg,plastic
img_0812.jpg,biological
img_0813.jpg,biological
img_0814.jpg,paper
img_0815.jpg,plastic
img_0816.jpg,biological
img_0817.jpg,trash
img_0818.jpg,battery
img_0819.jpg,cardboard
img_0820.jpg,cardboard
img_0821.jpg,trash
img_0822.jpg,glass
img_0823.jpg,biological
img_0824.jpg,clothes
img_0825.jpg,biological
img_0826.jpg,shoes
img_0827.jpg,paper
img_0828.jpg,trash
img_0829.jpg,trash
img_0830.jpg,trash
img_0831.jpg,clothes
img_0832.jpg,shoes
img_0833.jpg,paper
img_0834.jpg,plastic
img_0835.jpg,plastic
img_0836.jpg,glass
img_0837.jpg,trash
img_0838.jpg,paper
img_0839.jpg,glass
img_0840.jpg,trash
img_0841.jpg,trash
img_0842.jpg,battery
img_0843.jpg,trash
img_0844.jpg,biological
img_0845.jpg,clothes
img_0846.jpg,clothes
img_0847.jpg,glass
img_0848.jpg,biological
img_0849.jpg,cardboard
img_0850.jpg,clothes
img_0851.jpg,cardboard
img_0852.jpg,shoes
img_0853.jpg,biological
img_0854.jpg,cardboard
img_0855.jpg,battery
img_0856.jpg,paper
img_0857.jpg,plastic
img_0858.jpg,trash
img_0859.jpg,plastic
img_0860.jpg,glass
img_0861.jpg,battery
img_0862.jpg,clothes
img_0863.jpg,glass
img_0864.jpg,glass
img_0865.jpg,plastic
img_0866.jpg,biological
img_0867.jpg,clothes
img_0868.jpg,glass
img_0869.jpg,trash
img_0870.jpg,clothes
img_0871.jpg,paper
img_0872.jpg,biological
img_0873.jpg,shoes
img_0874.jpg,clothes
img_0875.jpg,cardboard
img_0876.jpg,glass
img_0877.jpg,cardboard
img_0878.jpg,biological
img_0879.jpg,battery
img_0880.jpg,cardboard
img_0881.jpg,glass
img_0882.jpg,trash
img_0883.jpg,trash
img_0884.jpg,glass
img_0885.jpg,plastic
img_0886.jpg,biological
img_0887.jpg,plastic
img_0888.jpg,glass
img_0889.jpg,paper
img_0890.jpg,glass
img_0891.jpg,shoes
img_0892.jpg,shoes
img_0893.jpg,plastic
img_0894.jpg,plastic
img_0895.jpg,biological
img_0896.jpg,trash
img_0897.jpg,battery
img_0898.jpg,paper
img_0899.jpg,metal
img_0900.jpg,trash
img_0901.jpg,glass
img_0902.jpg,battery
img_0903.jpg,biological
img_0904.jpg,clothes
img_0905.jpg,trash
img_0906.jpg,trash
img_0907.jpg,battery
img_0908.jpg,glass
img_0909.jpg,trash
img_0910.jpg,battery
img_0911.jpg,cardboard
img_0912.jpg,plastic
img_0913.jpg,shoes
img_0914.jpg,plastic
img_0915.jpg,glass
img_0916.jpg,cardboard
img_0917.jpg,trash
img_0918.jpg,paper
img_0919.jpg,plastic
img_0920.jpg,biological
img_0921.jpg,plastic
img_0922.jpg,metal
img_0923.jpg,paper
img_0924.jpg,metal
img_0925.jpg,metal
img_0926.jpg,biological
img_0927.jpg,cardboard
img_0928.jpg,metal
img_0929.jpg,paper
img_0930.jpg,plastic
img_0931.jpg,glass
img_0932.jpg,paper
img_0933.jpg,shoes
img_0934.jpg,battery
img_0935.jpg,plastic
img_0936.jpg,biological
img_0937.jpg,metal
img_0938.jpg,glass
img_0939.jpg,metal
img_0940.jpg,biological
img_0941.jpg,paper
img_0942.jpg,shoes
img_0943.jpg,battery
img_0944.jpg,shoes
img_0945.jpg,plastic
img_0946.jpg,paper
img_0947.jpg,battery
img_0948.jpg,clothes
img_0949.jpg,shoes
img_0950.jpg,metal
img_0951.jpg,trash
img_0952.jpg,plastic
img_0953.jpg,plastic
img_0954.jpg,battery
img_0955.jpg,clothes
img_0956.jpg,glass
img_0957.jpg,shoes
img_0958.jpg,cardboard
img_0959.jpg,glass
img_0960.jpg,plastic
img_0961.jpg,plastic
img_0962.jpg,biological
img_0963.jpg,battery
img_0964.jpg,trash
img_0965.jpg,clothes
img_0966.jpg,cardboard
img_0967.jpg,glass
img_0968.jpg,shoes
img_0969.jpg,battery
img_0970.jpg,shoes
img_0971.jpg,paper
img_0972.jpg,biological
img_0973.jpg,clothes
img_0974.jpg,biological
img_0975.jpg,plastic
img_0976.jpg,biological
img_0977.jpg,cardboard
img_0978.jpg,plastic
img_0979.jpg,glass
img_0980.jpg,shoes
img_0981.jpg,glass
img_0982.jpg,paper
img_0983.jpg,plastic
img_0984.jpg,plastic
img_0985.jpg,clothes
img_0986.jpg,plastic
img_0987.jpg,shoes
img_0988.jpg,cardboard
img_0989.jpg,paper
img_0990.jpg,clothes
img_0991.jpg,trash
img_0992.jpg,shoes
img_0993.jpg,cardboard
img_0994.jpg,biological
img_0995.jpg,glass
img_0996.jpg,paper
img_0997.jpg,metal
img_0998.jpg,shoes
img_0999.jpg,glass
img_1000.jpg,battery
img_1001.jpg,glass
img_1002.jpg,glass
img_1003.jpg,trash
img_1004.jpg,trash
img_1005.jpg,plastic
img_1006.jpg,cardboard
img_1007.jpg,plastic
img_1008.jpg,shoes
img_1009.jpg,plastic
img_1010.jpg,metal
img_1011.jpg,metal
img_1012.jpg,shoes
img_1013.jpg,shoes
img_1014.jpg,paper
img_1015.jpg,plastic
img_1016.jpg,metal
img_1017.jpg,clothes
img_1018.jpg,clothes
img_1019.jpg,trash
img_1020.jpg,paper
img_1021.jpg,clothes
img_1022.jpg,paper
img_1023.jpg,battery
img_1024.jpg,metal
img_1025.jpg,plastic
img_1026.jpg,paper
img_1027.jpg,paper
img_1028.jpg,cardboard
img_1029.jpg,plastic
img_1030.jpg,battery
img_1031.jpg,cardboard
img_1032.jpg,shoes
img_1033.jpg,trash
img_1034.jpg,metal
img_1035.jpg,biological
img_1036.jpg,plastic
img_1037.jpg,biological
img_1038.jpg,shoes
img_1039.jpg,plastic
img_1040.jpg,battery
img_1041.jpg,cardboard
img_1042.jpg,paper
img_1043.jpg,cardboard
img_1044.jpg,biological
img_1045.jpg,plastic
img_1046.jpg,glass
img_1047.jpg,metal
img_1048.jpg,trash
img_1049.jpg,paper
img_1050.jpg,biological
img_1051.jpg,metal
img_1052.jpg,shoes
img_1053.jpg,paper
img_1054.jpg,metal
img_1055.jpg,plastic
img_1056.jpg,shoes
img_1057.jpg,battery
img_1058.jpg,trash
img_1059.jpg,biological
img_1060.jpg,clothes
img_1061.jpg,glass
img_1062.jpg,clothes
img_1063.jpg,biological
img_1064.jpg,paper
img_1065.jpg,biological
img_1066.jpg,biological
img_1067.jpg,plastic
img_1068.jpg,cardboard
img_1069.jpg,glass
img_1070.jpg,battery
img_1071.jpg,battery
img_1072.jpg,metal
img_1073.jpg,battery
img_1074.jpg,glass
img_1075.jpg,metal
img_1076.jpg,metal
img_1077.jpg,paper
img_1078.jpg,cardboard
img_1079.jpg,clothes
img_1080.jpg,shoes
img_1081.jpg,paper
img_1082.jpg,trash
img_1083.jpg,cardboard
img_1084.jpg,cardboard
img_1085.jpg,cardboard
img_1086.jpg,biological
img_1087.jpg,trash
img_1088.jpg,paper
img_1089.jpg,trash
img_1090.jpg,clothes
img_1091.jpg,plastic
img_1092.jpg,trash
img_1093.jpg,cardboard
img_1094.jpg,clothes
img_1095.jpg,plastic
img_1096.jpg,glass
img_1097.jpg,plastic
img_1098.jpg,glass
img_1099.jpg,battery
img_1100.jpg,plastic
img_1101.jpg,glass
img_1102.jpg,shoes
img_1103.jpg,cardboard
img_1104.jpg,biological
img_1105.jpg,plastic
img_1106.jpg,metal
img_1107.jpg,trash
img_1108.jpg,glass
img_1109.jpg,paper
img_1110.jpg,glass
img_1111.jpg,plastic
img_1112.jpg,glass
img_1113.jpg,clothes
img_1114.jpg,paper
img_1115.jpg,plastic
img_1116.jpg,biological
img_1117.jpg,clothes
img_1118.jpg,paper
img_1119.jpg,trash
img_1120.jpg,metal
img_1121.jpg,trash
img_1122.png,glass
img_1123.jpg,glass
img_1124.jpg,battery
img_1125.jpg,paper
img_1126.jpg,glass
img_1127.jpg,battery
img_1128.jpg,trash
img_1129.jpg,battery
img_1130.jpg,trash
img_1131.jpg,plastic
img_1132.jpg,glass
img_1133.jpg,clothes
img_1134.jpg,trash
img_1135.jpg,metal
img_1136.jpg,clothes
img_1137.jpg,clothes
img_1138.jpg,trash
img_1139.jpg,glass
img_1140.jpg,cardboard
img_1141.jpg,biological
img_1142.jpg,battery
img_1143.jpg,glass
img_1144.jpg,plastic
img_1145.jpg,battery
img_1146.jpg,trash
img_1147.jpg,metal
img_1148.jpg,cardboard
img_1149.jpg,biological
img_1150.jpg,glass
img_1151.jpg,metal
img_1152.jpg,paper
img_1153.jpg,cardboard
img_1154.jpg,clothes
img_1155.jpg,cardboard
img_1156.jpg,shoes
img_1157.jpg,metal
img_1158.jpg,shoes
img_1159.jpg,shoes
img_1160.jpg,glass
img_1161.jpg,cardboard
img_1162.jpg,glass
img_1163.jpg,plastic
img_1164.jpg,glass
img_1165.jpg,metal
img_1166.jpg,biological
img_1167.jpg,plastic
img_1168.jpg,biological
img_1169.jpg,cardboard
img_1170.jpg,clothes
img_1171.jpg,paper
img_1172.jpg,shoes
img_1173.jpg,metal
img_1174.jpg,biological
img_1175.jpg,paper
img_1176.jpg,battery
img_1177.jpg,glass
img_1178.jpg,shoes
img_1179.jpg,biological
img_1180.jpg,plastic
img_1181.jpg,metal
img_1182.jpg,glass
img_1183.jpg,trash
img_1184.jpg,paper
img_1185.jpg,metal
img_1186.jpg,biological
img_1187.jpg,clothes
img_1188.jpg,plastic
img_1189.jpg,battery
img_1190.jpg,trash
img_1191.jpg,shoes
img_1192.jpg,metal
img_1193.jpg,trash
img_1194.jpg,clothes
img_1195.jpg,biological
img_1196.jpg,plastic
img_1197.jpg,glass
img_1198.jpg,paper
img_1199.png,biological
img_1200.jpg,cardboard
img_1201.jpg,battery
img_1202.jpg,battery
img_1203.jpg,glass
img_1204.jpg,plastic
img_1205.jpg,biological
img_1206.jpg,biological
img_1207.jpg,clothes
img_1208.jpg,shoes
img_1209.jpg,cardboard
img_1210.jpg,paper
img_1211.jpg,plastic
img_1212.jpg,metal
img_1213.jpg,shoes
img_1214.jpg,paper
img_1215.jpg,trash
img_1216.jpg,cardboard
img_1217.jpg,paper
img_1218.jpg,biological
img_1219.jpg,plastic
img_1220.jpg,trash
img_1221.jpg,paper
img_1222.jpg,glass
img_1223.jpg,battery
img_1224.jpg,metal
img_1225.jpg,clothes
img_1226.jpg,plastic
img_1227.jpg,plastic
img_1228.jpg,clothes
img_1229.jpg,metal
img_1230.jpg,biological
img_1231.jpg,metal
img_1232.jpg,shoes
img_1233.jpg,metal
img_1234.jpg,battery
img_1235.jpg,paper
img_1236.jpg,glass
img_1237.jpg,clothes
img_1238.jpg,biological
img_1239.jpg,plastic
img_1240.jpg,biological
img_1241.jpg,clothes
img_1242.jpg,trash
img_1243.jpg,battery
img_1244.jpg,battery
img_1245.jpg,metal
img_1246.jpg,clothes
img_1247.jpg,cardboard
img_1248.jpg,trash
img_1249.jpg,clothes
img_1250.jpg,biological
img_1251.jpg,shoes
img_1252.jpg,clothes
img_1253.jpg,trash
img_1254.jpg,clothes
img_1255.jpg,clothes
img_1256.jpg,metal
img_1257.jpg,cardboard
img_1258.jpg,trash
img_1259.jpg,battery
img_1260.jpg,glass
img_1261.jpg,cardboard
img_1262.jpg,cardboard
img_1263.jpg,shoes
img_1264.jpg,glass
img_1265.jpg,cardboard
img_1266.jpg,biological
img_1267.jpg,battery
img_1268.jpg,cardboard
img_1269.jpg,battery
img_1270.jpg,metal
img_1271.jpg,clothes
img_1272.jpg,trash
img_1273.jpg,metal
img_1274.jpg,battery
img_1275.jpg,cardboard
img_1276.jpg,glass
img_1277.jpg,battery
img_1278.jpg,cardboard
img_1279.jpg,paper
img_1280.jpg,shoes
img_1281.jpg,biological
img_1282.jpg,biological
img_1283.jpg,plastic
img_1284.jpg,plastic
img_1285.jpg,metal
img_1286.jpg,shoes
img_1287.jpg,trash
img_1288.jpg,biological
img_1289.jpg,plastic
img_1290.jpg,shoes
img_1291.jpg,clothes
img_1292.jpg,trash
img_1293.jpg,battery
img_1294.jpg,shoes
img_1295.jpg,glass
img_1296.jpg,plastic
img_1297.jpg,battery
img_1298.jpg,battery
img_1299.jpg,plastic
img_1300.jpg,paper
img_1301.jpg,paper
img_1302.jpg,biological
img_1303.jpg,plastic
img_1304.jpg,plastic
img_1305.jpg,biological
img_1306.jpg,biological
img_1307.jpg,metal
img_1308.jpg,trash
img_1309.jpg,cardboard
img_1310.jpg,biological
img_1311.jpg,cardboard
img_1312.jpg,glass
img_1313.jpg,trash
img_1314.jpg,trash
img_1315.jpg,shoes
img_1316.jpg,metal
img_1317.jpg,paper
img_1318.jpg,trash
img_1319.jpg,shoes
img_1320.jpg,glass
img_1321.jpg,plastic
img_1322.jpg,shoes
img_1323.jpg,trash
img_1324.jpg,paper
img_1325.jpg,biological
img_1326.jpg,biological
img_1327.jpg,shoes
img_1328.jpg,clothes
img_1329.jpg,paper
img_1330.jpg,plastic
img_1331.jpg,clothes
img_1332.jpg,paper
img_1333.jpg,metal
img_1334.jpg,plastic
img_1335.jpg,paper
img_1336.jpg,paper
img_1337.jpg,biological
img_1338.jpg,metal
img_1339.jpg,paper
img_1340.jpg,metal
img_1341.jpg,glass
img_1342.jpg,metal
img_1343.jpg,cardboard
img_1344.jpg,plastic
img_1345.jpg,biological
img_1346.jpg,biological
img_1347.jpg,biological
img_1348.jpg,biological
img_1349.jpg,paper
img_1350.jpg,biological
img_1351.jpg,metal
img_1352.jpg,cardboard
img_1353.jpg,shoes
img_1354.jpg,battery
img_1355.jpg,trash
img_1356.jpg,shoes
img_1357.jpg,shoes
img_1358.jpg,metal
img_1359.jpg,biological
img_1360.jpg,paper
img_1361.jpg,metal
img_1362.jpg,paper
img_1363.jpg,battery
img_1364.jpg,glass
img_1365.jpg,trash
img_1366.jpg,glass
img_1367.jpg,metal
img_1368.jpg,biological
img_1369.jpg,trash
img_1370.jpg,shoes
img_1371.jpg,clothes
img_1372.jpg,cardboard
img_1373.jpg,plastic
img_1374.jpg,clothes
img_1375.jpg,biological
img_1376.jpg,metal
img_1377.jpg,shoes
img_1378.jpg,metal
img_1379.jpg,biological
img_1380.jpg,glass
img_1381.jpg,trash
img_1382.jpg,clothes
img_1383.jpg,paper
img_1384.jpg,shoes
img_1385.jpg,trash
img_1386.jpg,trash
img_1387.jpg,shoes
img_1388.jpg,battery
img_1389.jpg,trash
img_1390.jpg,glass
img_1391.jpg,battery
img_1392.jpg,cardboard
img_1393.jpg,glass
img_1394.jpg,glass
img_1395.jpg,metal
img_1396.jpg,metal
img_1397.jpg,battery
img_1398.jpg,cardboard
img_1399.jpg,cardboard
img_1400.jpg,trash
img_1401.jpg,paper
img_1402.jpg,biological
img_1403.jpg,cardboard
img_1404.jpg,battery
img_1405.jpg,biological
img_1406.jpg,shoes
img_1407.jpg,clothes
img_1408.jpg,paper
img_1409.jpg,paper
img_1410.jpg,plastic
img_1411.jpg,metal
img_1412.jpg,cardboard
img_1413.jpg,metal
img_1414.jpg,glass
img_1415.jpg,metal
img_1416.jpg,trash
img_1417.jpg,trash
img_1418.jpg,biological
img_1419.jpg,battery
img_1420.jpg,cardboard
img_1421.jpg,cardboard
img_1422.jpg,trash
img_1423.jpg,battery
img_1424.jpg,biological
img_1425.jpg,glass
img_1426.jpg,plastic
img_1427.jpg,paper
img_1428.jpg,plastic
img_1429.jpg,trash
img_1430.jpg,plastic
img_1431.jpg,paper
img_1432.jpg,glass
img_1433.jpg,clothes
img_1434.jpg,shoes
img_1435.jpg,biological
img_1436.jpg,metal
img_1437.jpg,paper
img_1438.jpg,biological
img_1439.jpg,glass
img_1440.jpg,trash
img_1441.jpg,plastic
img_1442.jpg,shoes
img_1443.jpg,glass
img_1444.jpg,battery
img_1445.jpg,clothes
img_1446.jpg,paper
img_1447.jpg,trash
img_1448.jpg,battery
img_1449.jpg,battery
img_1450.jpg,clothes
img_1451.jpg,glass
img_1452.jpg,clothes
img_1453.jpg,cardboard
img_1454.jpg,glass
img_1455.jpg,glass
img_1456.jpg,metal
img_1457.jpg,biological
img_1458.jpg,battery
img_1459.jpg,plastic
img_1460.jpg,paper
img_1461.jpg,cardboard
img_1462.jpg,cardboard
img_1463.jpg,paper
img_1464.jpg,shoes
img_1465.jpg,clothes
img_1466.jpg,shoes
img_1467.jpg,shoes
img_1468.jpg,metal
img_1469.jpg,biological
img_1470.jpg,paper
img_1471.jpg,battery
img_1472.jpg,paper
img_1473.jpg,battery
img_1474.jpg,plastic
img_1475.jpg,biological
img_1476.jpg,metal
img_1477.jpg,trash
img_1478.jpg,paper
img_1479.jpg,trash
img_1480.jpg,paper
img_1481.jpg,paper
img_1482.jpg,glass
img_1483.jpg,biological
img_1484.jpg,paper
img_1485.jpg,battery
img_1486.jpg,metal
img_1487.jpg,cardboard
img_1488.jpg,trash
img_1489.jpg,plastic
img_1490.jpg,metal
img_1491.jpg,biological
img_1492.jpg,paper
img_1493.jpg,biological
img_1494.jpg,clothes
img_1495.jpg,paper
img_1496.jpg,trash
img_1497.jpg,paper
img_1498.jpg,shoes
img_1499.jpg,biological
img_1500.jpg,paper
img_1501.jpg,glass
img_1502.jpg,metal
img_1503.jpg,clothes
img_1504.jpg,metal
img_1505.jpg,cardboard
img_1506.jpg,biological
img_1507.jpg,shoes
img_1508.jpg,biological
img_1509.jpg,shoes
img_1510.jpg,shoes
img_1511.jpg,clothes
img_1512.jpg,metal
img_1513.jpg,metal
img_1514.jpg,cardboard
img_1515.jpg,clothes
img_1516.jpg,biological
img_1517.jpg,cardboard
img_1518.jpg,glass
img_1519.jpg,clothes
img_1520.jpg,cardboard
img_1521.jpg,trash
img_1522.jpg,cardboard
img_1523.jpg,biological
img_1524.jpg,cardboard
img_1525.jpg,plastic
img_1526.jpg,plastic
img_1527.jpg,trash
img_1528.jpg,trash
img_1529.jpg,plastic
img_1530.jpg,trash
img_1531.jpg,trash
img_1532.jpg,metal
img_1533.jpg,metal
img_1534.jpg,cardboard
img_1535.jpg,plastic
img_1536.jpg,biological
img_1537.jpg,plastic
img_1538.jpg,plastic
img_1539.jpg,glass
img_1540.jpg,glass
img_1541.jpg,trash
img_1542.jpg,battery
img_1543.jpg,metal
img_1544.jpg,shoes
img_1545.jpg,biological
img_1546.jpg,glass
img_1547.jpg,plastic
img_1548.jpg,plastic
img_1549.jpg,battery
img_1550.jpg,battery
img_1551.jpg,metal
img_1552.jpg,glass
img_1553.jpg,biological
img_1554.jpg,biological
img_1555.jpg,trash
img_1556.jpg,trash
img_1557.jpg,shoes
img_1558.jpg,paper
img_1559.jpg,plastic
img_1560.jpg,trash
img_1561.jpg,shoes
img_1562.jpg,battery
img_1563.jpg,plastic
img_1564.jpg,trash
img_1565.jpg,clothes
img_1566.jpg,metal
img_1567.jpg,trash
img_1568.jpg,plastic
img_1569.jpg,shoes
img_1570.jpg,cardboard
img_1571.jpg,battery
img_1572.jpg,plastic
img_1573.jpg,biological
img_1574.jpg,metal
img_1575.jpg,biological
img_1576.jpg,shoes
img_1577.jpg,cardboard
img_1578.jpg,battery
img_1579.jpg,clothes
img_1580.jpg,plastic
img_1581.jpg,plastic
img_1582.jpg,shoes
img_1583.jpg,shoes
img_1584.jpg,trash
img_1585.jpg,cardboard
img_1586.jpg,metal
img_1587.jpg,metal
img_1588.jpg,glass
img_1589.jpg,paper
img_1590.jpg,paper
img_1591.jpg,metal
img_1592.jpg,trash
img_1593.jpg,battery
img_1594.jpg,metal
img_1595.jpg,biological
img_1596.jpg,metal
img_1597.jpg,biological
img_1598.jpg,shoes
img_1599.jpg,paper
img_1600.jpg,glass
img_1601.jpg,glass
img_1602.jpg,trash
img_1603.jpg,cardboard
img_1604.jpg,metal
img_1605.jpg,biological
img_1606.jpg,trash
img_1607.jpg,cardboard
img_1608.jpg,metal
img_1609.jpg,glass
img_1610.jpg,paper
img_1611.jpg,cardboard
img_1612.jpg,trash
img_1613.jpg,biological
img_1614.jpg,glass
img_1615.jpg,shoes
img_1616.jpg,paper
img_1617.jpg,metal
img_1618.jpg,cardboard
img_1619.jpg,shoes
img_1620.jpg,biological
img_1621.jpg,paper
img_1622.jpg,shoes
img_1623.jpg,metal
img_1624.jpg,battery
img_1625.jpg,metal
img_1626.jpg,glass
img_1627.jpg,cardboard
img_1628.jpg,clothes
img_1629.jpg,metal
img_1630.jpg,plastic
img_1631.jpg,clothes
img_1632.jpg,clothes
img_1633.jpg,cardboard
img_1634.jpg,cardboard
img_1635.jpg,biological
img_1636.jpg,glass
img_1637.jpg,biological
img_1638.jpg,shoes
img_1639.jpg,shoes
img_1640.jpg,shoes
img_1641.jpg,battery
img_1642.jpg,metal
img_1643.jpg,trash
img_1644.jpg,cardboard
img_1645.jpg,trash
img_1646.jpg,paper
img_1647.jpg,cardboard
img_1648.jpg,cardboard
img_1649.jpg,cardboard
img_1650.jpg,trash
img_1651.jpg,cardboard
img_1652.jpg,plastic
img_1653.jpg,battery
img_1654.jpg,paper
img_1655.jpg,metal
img_1656.jpg,clothes
img_1657.jpg,plastic
img_1658.jpg,trash
img_1659.jpg,glass
img_1660.jpg,plastic
img_1661.jpg,clothes
img_1662.jpg,shoes
img_1663.jpg,clothes
img_1664.jpg,glass
img_1665.jpg,plastic
img_1666.jpg,clothes
img_1667.jpg,metal
img_1668.jpg,trash
img_1669.jpg,plastic
img_1670.jpg,plastic
img_1671.jpg,glass
img_1672.jpg,paper
img_1673.jpg,shoes
img_1674.jpg,shoes
img_1675.jpg,paper
img_1676.jpg,cardboard
img_1677.jpg,clothes
img_1678.jpg,trash
img_1679.jpg,cardboard
img_1680.jpg,glass
img_1681.jpg,battery
img_1682.jpg,plastic
img_1683.jpg,metal
img_1684.jpg,shoes
img_1685.jpg,biological
img_1686.jpg,shoes
img_1687.jpg,biological
img_1688.jpg,glass
img_1689.jpg,biological
img_1690.jpg,cardboard
img_1691.jpg,glass
img_1692.jpg,plastic
img_1693.jpg,shoes
img_1694.jpg,cardboard
img_1695.jpg,paper
img_1696.jpg,biological
img_1697.jpg,clothes
img_1698.jpg,plastic
img_1699.jpg,metal
img_1700.jpg,battery
img_1701.jpg,paper
img_1702.jpg,battery
img_1703.jpg,paper
img_1704.jpg,shoes
img_1705.jpg,metal
img_1706.jpg,clothes
img_1707.jpg,paper
img_1708.jpg,biological
img_1709.jpg,metal
img_1710.jpg,clothes
img_1711.jpg,battery
img_1712.jpg,metal
img_1713.jpg,biological
img_1714.jpg,metal
img_1715.jpg,cardboard
img_1716.jpg,cardboard
img_1717.jpg,battery
img_1718.jpg,glass
img_1719.jpg,plastic
img_1720.jpg,cardboard
img_1721.jpg,plastic
img_1722.jpg,plastic
img_1723.jpg,trash
img_1724.jpg,battery
img_1725.jpg,biological
img_1726.jpg,battery
img_1727.jpg,glass
img_1728.jpg,clothes
img_1729.jpg,cardboard
img_1730.jpg,shoes
img_1731.jpg,trash
img_1732.jpg,shoes
img_1733.jpg,paper
img_1734.jpg,biological
img_1735.jpg,glass
img_1736.jpg,clothes
img_1737.jpg,glass
img_1738.jpg,biological
img_1739.jpg,battery
img_1740.jpg,clothes
img_1741.jpg,paper
img_1742.jpg,trash
img_1743.jpg,plastic
img_1744.jpg,biological
img_1745.jpg,biological
img_1746.jpg,plastic
img_1747.jpg,trash
img_1748.jpg,shoes
img_1749.jpg,battery
img_1750.jpg,shoes
img_1751.jpg,trash
img_1752.jpg,clothes
img_1753.jpg,cardboard
img_1754.jpg,glass
img_1755.jpg,paper
img_1756.jpg,battery
img_1757.jpg,trash
img_1758.jpg,metal
img_1759.jpg,clothes
img_1760.jpg,trash
img_1761.jpg,paper
img_1762.jpg,cardboard
img_1763.jpg,biological
img_1764.jpg,shoes
img_1765.jpg,metal
img_1766.jpg,biological
img_1767.jpg,shoes
img_1768.jpg,shoes
img_1769.jpg,shoes
img_1770.jpg,shoes
img_1771.jpg,shoes
img_1772.jpg,battery
img_1773.jpg,paper
img_1774.jpg,plastic
img_1775.jpg,battery
img_1776.jpg,paper
img_1777.jpg,metal
img_1778.jpg,glass
img_1779.jpg,battery
img_1780.jpg,metal
img_1781.jpg,biological
img_1782.jpg,metal
img_1783.jpg,clothes
img_1784.jpg,biological
img_1785.jpg,trash
img_1786.jpg,metal
img_1787.jpg,cardboard
img_1788.jpg,battery
img_1789.jpg,metal
img_1790.jpg,shoes
img_1791.jpg,metal
img_1792.jpg,cardboard
img_1793.jpg,plastic
img_1794.jpg,plastic
img_1795.jpg,cardboard
img_1796.jpg,cardboard
img_1797.jpg,biological
img_1798.jpg,plastic
img_1799.jpg,battery
img_1800.jpg,glass
img_1801.jpg,clothes
img_1802.jpg,battery
img_1803.jpg,clothes
img_1804.jpg,battery
img_1805.jpg,metal
img_1806.jpg,glass
img_1807.jpg,shoes
img_1808.jpg,paper
img_1809.jpg,shoes
img_1810.jpg,plastic
img_1811.jpg,glass
img_1812.jpg,battery
img_1813.jpg,clothes
img_1814.jpg,glass
img_1815.jpg,metal
img_1816.jpg,battery
img_1817.jpg,metal
img_1818.jpg,glass
img_1819.jpg,biological
img_1820.jpg,metal
img_1821.jpg,paper
img_1822.jpg,paper
img_1823.jpg,plastic
img_1824.jpg,paper
img_1825.png,metal
img_1826.jpg,cardboard
img_1827.jpg,plastic
img_1828.jpg,plastic
img_1829.jpg,metal
img_1830.jpg,shoes
img_1831.jpg,glass
img_1832.jpg,biological
img_1833.jpg,paper
img_1834.jpg,biological
img_1835.jpg,paper
img_1836.jpg,trash
img_1837.jpg,cardboard
img_1838.jpg,shoes
img_1839.jpg,glass
img_1840.jpg,metal
img_1841.jpg,biological
img_1842.jpg,biological
img_1843.jpg,metal
img_1844.jpg,glass
img_1845.jpg,glass
img_1846.jpg,plastic
img_1847.jpg,trash
img_1848.jpg,paper
img_1849.jpg,cardboard
img_1850.jpg,plastic
img_1851.jpg,metal
img_1852.jpg,plastic
img_1853.jpg,battery
img_1854.jpg,metal
img_1855.jpg,trash
img_1856.jpg,paper
img_1857.jpg,glass
img_1858.jpg,battery
img_1859.jpg,biological
img_1860.jpg,paper
img_1861.jpg,metal
img_1862.jpg,shoes
img_1863.jpg,cardboard
img_1864.jpg,battery
img_1865.jpg,cardboard
img_1866.jpg,trash
img_1867.jpg,plastic
img_1868.jpg,battery
img_1869.jpg,cardboard
img_1870.jpg,biological
img_1871.jpg,clothes
img_1872.jpg,metal
img_1873.jpg,metal
img_1874.jpg,paper
img_1875.jpg,trash
img_1876.jpg,battery
img_1877.jpg,trash
img_1878.jpg,cardboard
img_1879.jpg,plastic
img_1880.jpg,metal
img_1881.jpg,metal
img_1882.jpg,plastic
img_1883.jpg,biological
img_1884.jpg,trash
img_1885.jpg,cardboard
img_1886.jpg,shoes
img_1887.jpg,metal
img_1888.jpg,paper
img_1889.jpg,metal
img_1890.jpg,glass
img_1891.jpg,clothes
img_1892.jpg,biological
img_1893.jpg,battery
img_1894.jpg,cardboard
img_1895.jpg,plastic
img_1896.jpg,shoes
img_1897.jpg,paper
img_1898.jpg,shoes
img_1899.jpg,biological
img_1900.jpg,glass
img_1901.jpg,glass
img_1902.jpg,plastic
img_1903.jpg,clothes
img_1904.jpg,trash
img_1905.jpg,glass
img_1906.jpg,plastic
img_1907.jpg,clothes
img_1908.jpg,biological
img_1909.jpg,cardboard
img_1910.jpg,biological
img_1911.jpg,plastic
img_1912.jpg,cardboard
img_1913.jpg,plastic
img_1914.jpg,biological
img_1915.jpg,metal
img_1916.jpg,metal
img_1917.jpg,biological
img_1918.jpg,shoes
img_1919.jpg,shoes
img_1920.jpg,glass
img_1921.jpg,glass
img_1922.jpg,cardboard
img_1923.jpg,cardboard
img_1924.jpg,metal
img_1925.jpg,shoes
img_1926.jpg,clothes
img_1927.jpg,biological
img_1928.jpg,clothes
img_1929.jpg,cardboard
img_1930.jpg,clothes
img_1931.jpg,plastic
img_1932.jpg,battery
img_1933.jpg,metal
img_1934.jpg,shoes
img_1935.jpg,trash
img_1936.jpg,metal
img_1937.jpg,plastic
img_1938.jpg,shoes
img_1939.jpg,cardboard
img_1940.jpg,trash
img_1941.jpg,biological
img_1942.jpg,biological
img_1943.jpg,glass
img_1944.jpg,paper
img_1945.jpg,plastic
img_1946.jpg,shoes
img_1947.jpg,paper
img_1948.jpg,paper
img_1949.jpg,trash
img_1950.jpg,biological
img_1951.jpg,cardboard
img_1952.jpg,metal
img_1953.jpg,biological
img_1954.jpg,plastic
img_1955.jpg,plastic
img_1956.jpg,shoes
img_1957.jpg,metal
img_1958.jpg,cardboard
img_1959.jpg,shoes
img_1960.jpg,trash
img_1961.jpg,cardboard
img_1962.jpg,cardboard
img_1963.jpg,paper
img_1964.jpg,shoes
img_1965.jpg,battery
img_1966.jpg,biological
img_1967.jpg,shoes
img_1968.jpg,cardboard
img_1969.jpg,glass
img_1970.jpg,cardboard
img_1971.jpg,cardboard
img_1972.jpg,metal
img_1973.jpg,clothes
img_1974.jpg,metal
img_1975.jpg,shoes
img_1976.jpg,glass
img_1977.jpg,biological
img_1978.jpg,glass
img_1979.jpg,clothes
img_1980.jpg,shoes
img_1981.jpg,glass
img_1982.jpg,cardboard
img_1983.jpg,glass
img_1984.jpg,trash
img_1985.jpg,shoes
img_1986.jpg,biological
img_1987.jpg,shoes
img_1988.jpg,cardboard
img_1989.jpg,trash
img_1990.jpg,trash
img_1991.jpg,cardboard
img_1992.jpg,cardboard
img_1993.jpg,trash
img_1994.jpg,trash
img_1995.jpg,metal
img_1996.jpg,trash
img_1997.jpg,battery
img_1998.jpg,battery
img_1999.jpg,biological
img_2000.jpg,battery
img_2001.jpg,trash
img_2002.jpg,glass
img_2003.jpg,clothes
img_2004.jpg,trash
img_2005.jpg,paper
img_2006.jpg,trash
img_2007.jpg,battery
img_2008.jpg,plastic
img_2009.jpg,shoes
img_2010.jpg,glass
img_2011.jpg,glass
img_2012.jpg,plastic
img_2013.jpg,clothes
img_2014.jpg,paper
img_2015.jpg,glass
img_2016.jpg,plastic
img_2017.jpg,biological
img_2018.jpg,battery
img_2019.jpg,cardboard
img_2020.jpg,plastic
img_2021.jpg,paper
img_2022.jpg,plastic
img_2023.jpg,plastic
img_2024.jpg,clothes
img_2025.jpg,metal
img_2026.jpg,trash
img_2027.jpg,cardboard
img_2028.jpg,metal
img_2029.jpg,metal
img_2030.jpg,metal
img_2031.jpg,paper
img_2032.jpg,cardboard
img_2033.jpg,metal
img_2034.jpg,shoes
img_2035.jpg,shoes
img_2036.jpg,biological
img_2037.jpg,metal
img_2038.jpg,clothes
img_2039.jpg,plastic
img_2040.jpg,biological
img_2041.jpg,glass
img_2042.jpg,plastic
img_2043.jpg,clothes
img_2044.jpg,cardboard
img_2045.jpg,biological
img_2046.jpg,battery
img_2047.jpg,glass
img_2048.jpg,paper
img_2049.jpg,trash
img_2050.jpg,paper
img_2051.jpg,clothes
img_2052.jpg,cardboard
img_2053.jpg,metal
img_2054.jpg,trash
img_2055.jpg,metal
img_2056.jpg,clothes
img_2057.jpg,cardboard
img_2058.jpg,plastic
img_2059.jpg,shoes
img_2060.jpg,plastic
img_2061.jpg,plastic
img_2062.jpg,glass
img_2063.jpg,plastic
img_2064.jpg,battery
img_2065.jpg,biological
img_2066.jpg,paper
img_2067.jpg,shoes
img_2068.jpg,plastic
img_2069.jpg,clothes
img_2070.jpg,clothes
img_2071.jpg,trash
img_2072.jpg,metal
img_2073.jpg,battery
img_2074.jpg,battery
img_2075.jpg,glass
img_2076.jpg,plastic
img_2077.jpg,trash
img_2078.jpg,plastic
img_2079.jpg,glass
img_2080.jpg,shoes
img_2081.jpg,battery
img_2082.jpg,biological
img_2083.jpg,paper
img_2084.jpg,cardboard
img_2085.jpg,glass
img_2086.jpg,metal
img_2087.jpg,paper
img_2088.jpg,metal
img_2089.jpg,battery
img_2090.jpg,paper
img_2091.jpg,battery
img_2092.jpg,trash
img_2093.jpg,shoes
img_2094.jpg,clothes
img_2095.jpg,metal
img_2096.jpg,shoes
img_2097.jpg,glass
img_2098.jpg,biological
img_2099.jpg,paper
img_2100.jpg,shoes
img_2101.jpg,plastic
img_2102.jpg,shoes
img_2103.jpg,glass
img_2104.jpg,trash
img_2105.jpg,trash
img_2106.jpg,biological
img_2107.jpg,cardboard
img_2108.jpg,biological
img_2109.jpg,paper
img_2110.jpg,metal
img_2111.jpg,metal
img_2112.jpg,shoes
img_2113.jpg,metal
img_2114.jpg,cardboard
img_2115.jpg,clothes
img_2116.jpg,trash
img_2117.jpg,shoes
img_2118.jpg,paper
img_2119.jpg,shoes
img_2120.jpg,battery
img_2121.jpg,battery
img_2122.jpg,battery
img_2123.jpg,cardboard
img_2124.jpg,metal
img_2125.jpg,plastic
img_2126.jpg,shoes
img_2127.jpg,plastic
img_2128.jpg,cardboard
img_2129.jpg,trash
img_2130.jpg,shoes
img_2131.jpg,cardboard
img_2132.jpg,metal
img_2133.jpg,trash
img_2134.jpg,metal
img_2135.jpg,cardboard
img_2136.jpg,paper
img_2137.jpg,trash
img_2138.jpg,glass
img_2139.jpg,trash
img_2140.jpg,metal
img_2141.jpg,shoes
img_2142.jpg,shoes
img_2143.jpg,shoes
img_2144.jpg,plastic
img_2145.jpg,trash
img_2146.jpg,glass
img_2147.jpg,plastic
img_2148.jpg,battery
img_2149.jpg,metal
img_2150.jpg,metal
img_2151.jpg,biological
img_2152.jpg,paper
img_2153.jpg,trash
img_2154.jpg,glass
img_2155.jpg,battery
img_2156.jpg,trash
img_2157.jpg,plastic
img_2158.jpg,glass
img_2159.jpg,trash
img_2160.jpg,trash
img_2161.jpg,clothes
img_2162.jpg,battery
img_2163.jpg,trash
img_2164.jpg,plastic
img_2165.jpg,cardboard
img_2166.jpg,shoes
img_2167.jpg,trash
img_2168.jpg,paper
img_2169.jpg,cardboard
img_2170.jpg,clothes
img_2171.jpg,battery
img_2172.jpg,trash
img_2173.jpg,biological
img_2174.jpg,clothes
img_2175.jpg,battery
img_2176.jpg,plastic
img_2177.jpg,metal
img_2178.jpg,paper
img_2179.jpg,cardboard
img_2180.jpg,paper
img_2181.jpg,clothes
img_2182.jpg,paper
img_2183.jpg,shoes
img_2184.jpg,trash
img_2185.jpg,plastic
img_2186.jpg,battery
img_2187.jpg,cardboard
img_2188.jpg,shoes
img_2189.jpg,clothes
img_2190.jpg,shoes
img_2191.jpg,metal
img_2192.jpg,plastic
img_2193.jpg,shoes
img_2194.jpg,paper
img_2195.jpg,metal
img_2196.jpg,cardboard
img_2197.jpg,plastic
img_2198.jpg,shoes
img_2199.jpg,metal
img_2200.jpg,shoes
img_2201.jpg,metal
img_2202.jpg,glass
img_2203.jpg,trash
img_2204.jpg,plastic
img_2205.jpg,clothes
img_2206.jpg,clothes
img_2207.jpg,glass
img_2208.jpg,shoes
img_2209.jpg,glass
img_2210.jpg,clothes
img_2211.jpg,glass
img_2212.jpg,glass
img_2213.jpg,clothes
img_2214.jpg,plastic
img_2215.jpg,metal
img_2216.jpg,plastic
img_2217.jpg,metal
img_2218.jpg,shoes
img_2219.jpg,glass
img_2220.jpg,glass
img_2221.jpg,biological
img_2222.jpg,trash
img_2223.jpg,shoes
img_2224.jpg,paper
img_2225.jpg,paper
img_2226.jpg,metal
img_2227.jpg,cardboard
img_2228.jpg,glass
img_2229.jpg,battery
img_2230.jpg,glass
img_2231.jpg,biological
img_2232.jpg,metal
img_2233.jpg,plastic
img_2234.jpg,glass
img_2235.jpg,plastic
img_2236.jpg,clothes
img_2237.jpg,clothes
img_2238.jpg,shoes
img_2239.jpg,glass
img_2240.jpg,shoes
img_2241.jpg,glass
img_2242.jpg,cardboard
img_2243.jpg,biological
img_2244.jpg,trash
img_2245.jpg,trash
img_2246.jpg,clothes
img_2247.jpg,clothes
img_2248.jpg,battery
img_2249.jpg,shoes
img_2250.jpg,clothes
img_2251.jpg,clothes
img_2252.jpg,battery
img_2253.jpg,biological
img_2254.jpg,paper
img_2255.jpg,metal
img_2256.jpg,plastic
img_2257.jpg,biological
img_2258.jpg,cardboard
img_2259.jpg,battery
img_2260.jpg,shoes
img_2261.jpg,cardboard
img_2262.jpg,paper
img_2263.jpg,plastic
img_2264.jpg,plastic
img_2265.jpg,clothes
img_2266.jpg,glass
img_2267.jpg,metal
img_2268.jpg,glass
img_2269.jpg,battery
img_2270.jpg,biological
img_2271.jpg,trash
img_2272.jpg,clothes
img_2273.jpg,shoes
img_2274.jpg,battery
img_2275.jpg,cardboard
img_2276.jpg,paper
img_2277.jpg,cardboard
img_2278.jpg,battery
img_2279.jpg,paper
img_2280.jpg,plastic
img_2281.jpg,cardboard
img_2282.jpg,glass
img_2283.jpg,battery
img_2284.jpg,battery
img_2285.jpg,glass
img_2286.jpg,trash
img_2287.jpg,trash
img_2288.jpg,biological
img_2289.jpg,metal
img_2290.jpg,glass
img_2291.jpg,plastic
img_2292.jpg,shoes
img_2293.jpg,shoes
img_2294.jpg,plastic
img_2295.jpg,cardboard
img_2296.jpg,shoes
img_2297.jpg,plastic
img_2298.jpg,glass
img_2299.jpg,clothes
img_2300.jpg,biological
img_2301.jpg,metal
img_2302.jpg,cardboard
img_2303.jpg,plastic
img_2304.jpg,glass
img_2305.jpg,cardboard
img_2306.jpg,battery
img_2307.jpg,metal
img_2308.jpg,glass
img_2309.jpg,trash
img_2310.jpg,clothes
img_2311.jpg,cardboard
img_2312.jpg,trash
img_2313.jpg,paper
img_2314.jpg,paper
img_2315.jpg,shoes
img_2316.jpg,metal
img_2317.jpg,biological
img_2318.jpg,paper
img_2319.jpg,biological
img_2320.jpg,cardboard
img_2321.jpg,cardboard
img_2322.jpg,plastic
img_2323.jpg,metal
img_2324.jpg,clothes
img_2325.jpg,battery
img_2326.jpg,glass
img_2327.jpg,paper
img_2328.jpg,clothes
img_2329.jpg,plastic
img_2330.jpg,glass
img_2331.jpg,metal
img_2332.jpg,glass
img_2333.jpg,trash
img_2334.jpg,trash
img_2335.jpg,battery
img_2336.jpg,glass
img_2337.jpg,metal
img_2338.jpg,clothes
img_2339.jpg,battery
img_2340.jpg,biological
img_2341.jpg,plastic
img_2342.jpg,glass
img_2343.jpg,cardboard
img_2344.jpg,paper
img_2345.jpg,shoes
img_2346.jpg,glass
img_2347.jpg,biological
img_2348.jpg,glass
img_2349.jpg,metal
img_2350.jpg,trash
img_2351.jpg,clothes
img_2352.jpg,clothes
img_2353.jpg,cardboard
img_2354.jpg,plastic
img_2355.jpg,cardboard
img_2356.jpg,plastic
img_2357.jpg,trash
img_2358.jpg,metal
img_2359.jpg,paper
img_2360.jpg,shoes
img_2361.jpg,plastic
img_2362.jpg,shoes
img_2363.jpg,clothes
img_2364.jpg,clothes
img_2365.jpg,trash
img_2366.jpg,biological
img_2367.jpg,shoes
img_2368.jpg,plastic
img_2369.jpg,shoes
img_2370.jpg,metal
img_2371.jpg,biological
img_2372.jpg,trash
img_2373.jpg,biological
img_2374.jpg,battery
img_2375.jpg,shoes
img_2376.jpg,shoes
img_2377.jpg,clothes
img_2378.jpg,trash
img_2379.jpg,shoes
img_2380.jpg,cardboard
img_2381.jpg,cardboard
img_2382.jpg,metal
img_2383.jpg,shoes
img_2384.jpg,plastic
img_2385.jpg,biological
img_2386.jpg,clothes
img_2387.jpg,trash
img_2388.jpg,plastic
img_2389.jpg,biological
img_2390.jpg,shoes
img_2391.jpg,plastic
img_2392.jpg,battery
img_2393.jpg,plastic
img_2394.jpg,cardboard
img_2395.jpg,shoes
img_2396.jpg,paper
img_2397.jpg,plastic
img_2398.jpg,trash
img_2399.jpg,battery
img_2400.jpg,shoes
img_2401.jpg,plastic
img_2402.jpg,glass
img_2403.jpg,battery
img_2404.jpg,paper
img_2405.jpg,glass
img_2406.jpg,battery
img_2407.jpg,clothes
img_2408.jpg,trash
img_2409.jpg,biological
img_2410.jpg,battery
img_2411.jpg,paper
img_2412.jpg,metal
img_2413.jpg,biological
img_2414.jpg,shoes
img_2415.jpg,battery
img_2416.jpg,biological
img_2417.jpg,plastic
img_2418.jpg,battery
img_2419.jpg,glass
img_2420.jpg,paper
img_2421.jpg,cardboard
img_2422.jpg,cardboard
img_2423.jpg,paper
img_2424.jpg,metal
img_2425.jpg,paper
img_2426.jpg,plastic
img_2427.jpg,paper
img_2428.jpg,paper
img_2429.jpg,biological
img_2430.jpg,shoes
img_2431.jpg,cardboard
img_2432.jpg,metal
img_2433.jpg,biological
img_2434.jpg,cardboard
img_2435.jpg,shoes
img_2436.jpg,paper
img_2437.jpg,shoes
img_2438.jpg,cardboard
img_2439.jpg,clothes
img_2440.jpg,battery
img_2441.jpg,battery
img_2442.jpg,glass
img_2443.jpg,plastic
img_2444.jpg,shoes
img_2445.jpg,paper
img_2446.jpg,shoes
img_2447.jpg,paper
img_2448.jpg,clothes
img_2449.jpg,clothes
img_2450.jpg,plastic
img_2451.jpg,metal
img_2452.jpg,cardboard
img_2453.jpg,glass
img_2454.jpg,clothes
img_2455.jpg,biological
img_2456.jpg,battery
img_2457.jpg,paper
img_2458.jpg,trash
img_2459.jpg,battery
img_2460.jpg,clothes
img_2461.jpg,clothes
img_2462.jpg,biological
img_2463.jpg,biological
img_2464.jpg,trash
img_2465.jpg,battery
img_2466.jpg,plastic
img_2467.jpg,trash
img_2468.jpg,battery
img_2469.jpg,clothes
img_2470.jpg,battery
img_2471.jpg,paper
img_2472.jpg,plastic
img_2473.jpg,clothes
img_2474.jpg,shoes
img_2475.jpg,clothes
img_2476.jpg,battery
img_2477.jpg,cardboard
img_2478.jpg,shoes
img_2479.jpg,glass
img_2480.jpg,clothes
img_2481.jpg,trash
img_2482.jpg,metal
img_2483.jpg,trash
img_2484.jpg,trash
img_2485.jpg,metal
img_2486.jpg,clothes
img_2487.jpg,glass
img_2488.jpg,cardboard
img_2489.jpg,shoes
img_2490.jpg,clothes
img_2491.jpg,paper
img_2492.jpg,glass
img_2493.jpg,glass
img_2494.jpg,battery
img_2495.jpg,shoes
img_2496.jpg,trash
img_2497.jpg,cardboard
img_2498.jpg,paper
img_2499.jpg,shoes
img_2500.jpg,plastic
img_2501.jpg,battery
img_2502.jpg,metal
img_2503.jpg,paper
img_2504.jpg,shoes
img_2505.jpg,metal
img_2506.jpg,paper
img_2507.jpg,paper
img_2508.jpg,cardboard
img_2509.jpg,glass
img_2510.jpg,paper
img_2511.jpg,cardboard
img_2512.jpg,shoes
img_2513.jpg,plastic
img_2514.jpg,clothes
img_2515.jpg,clothes
img_2516.jpg,glass
img_2517.jpg,cardboard
img_2518.jpg,plastic
img_2519.jpg,battery
img_2520.jpg,shoes
img_2521.jpg,paper
img_2522.jpg,paper
img_2523.jpg,shoes
img_2524.jpg,shoes
img_2525.jpg,cardboard
img_2526.jpg,paper
img_2527.jpg,clothes
img_2528.jpg,glass
img_2529.jpg,clothes
img_2530.jpg,metal
img_2531.jpg,biological
img_2532.jpg,plastic
img_2533.jpg,metal
img_2534.jpg,biological
img_2535.jpg,shoes
img_2536.jpg,clothes
img_2537.jpg,battery
img_2538.jpg,glass
img_2539.jpg,paper
img_2540.jpg,trash
img_2541.jpg,trash
img_2542.jpg,battery
img_2543.jpg,biological
img_2544.jpg,clothes
img_2545.jpg,trash
img_2546.jpg,shoes
img_2547.jpg,clothes
img_2548.jpg,plastic
img_2549.jpg,clothes
img_2550.jpg,metal
img_2551.jpg,glass
img_2552.jpg,battery
img_2553.jpg,clothes
img_2554.jpg,clothes
img_2555.jpg,biological
img_2556.jpg,plastic
img_2557.jpg,clothes
img_2558.jpg,trash
img_2559.jpg,clothes
img_2560.jpg,paper
img_2561.jpg,clothes
img_2562.jpg,shoes
img_2563.jpg,metal
img_2564.jpg,glass
img_2565.jpg,paper
img_2566.jpg,plastic
img_2567.jpg,shoes
img_2568.jpg,metal
img_2569.jpg,glass
img_2570.jpg,glass
img_2571.jpg,metal
img_2572.jpg,shoes
img_2573.jpg,plastic
img_2574.jpg,plastic
img_2575.jpg,biological
img_2576.jpg,plastic
img_2577.jpg,metal
img_2578.jpg,clothes
img_2579.jpg,metal
img_2580.jpg,metal
img_2581.jpg,paper
img_2582.jpg,battery
img_2583.jpg,trash
img_2584.jpg,clothes
img_2585.jpg,cardboard
img_2586.jpg,battery
img_2587.jpg,glass
img_2588.jpg,shoes
img_2589.jpg,trash
img_2590.jpg,trash
img_2591.jpg,paper
img_2592.jpg,glass
img_2593.jpg,cardboard
img_2594.jpg,clothes
img_2595.jpg,metal
img_2596.jpg,clothes
img_2597.jpg,paper
img_2598.jpg,trash
img_2599.jpg,clothes
img_2600.jpg,plastic
img_2601.jpg,shoes
img_2602.jpg,metal
img_2603.jpg,glass
img_2604.jpg,plastic
img_2605.jpg,plastic
img_2606.jpg,plastic
img_2607.jpg,cardboard
img_2608.jpg,metal
img_2609.jpg,cardboard
img_2610.jpg,cardboard
img_2611.jpg,shoes
img_2612.jpg,plastic
img_2613.jpg,cardboard
img_2614.jpg,shoes
img_2615.jpg,battery
img_2616.jpg,shoes
img_2617.jpg,battery
img_2618.jpg,biological
img_2619.jpg,battery
img_2620.jpg,battery
img_2621.jpg,paper
img_2622.jpg,cardboard
img_2623.jpg,clothes
img_2624.jpg,biological
img_2625.jpg,cardboard
img_2626.jpg,battery
img_2627.jpg,clothes
img_2628.jpg,shoes
img_2629.jpg,plastic
img_2630.jpg,metal
img_2631.jpg,battery
img_2632.jpg,trash
img_2633.jpg,trash
img_2634.jpg,plastic
img_2635.jpg,plastic
img_2636.jpg,battery
img_2637.jpg,battery
img_2638.jpg,shoes
img_2639.jpg,shoes
img_2640.jpg,paper
img_2641.jpg,battery
img_2642.jpg,battery
img_2643.jpg,shoes
img_2644.jpg,glass
img_2645.jpg,shoes
img_2646.jpg,glass
img_2647.jpg,battery
img_2648.jpg,shoes
img_2649.jpg,paper
img_2650.jpg,cardboard
img_2651.jpg,biological
img_2652.jpg,biological
img_2653.jpg,shoes
img_2654.jpg,cardboard
img_2655.jpg,clothes
img_2656.jpg,clothes
img_2657.jpg,trash
img_2658.jpg,shoes
img_2659.jpg,glass
img_2660.jpg,metal
img_2661.jpg,glass
img_2662.jpg,paper
img_2663.jpg,biological
img_2664.jpg,metal
img_2665.jpg,paper
img_2666.jpg,plastic
img_2667.jpg,trash
img_2668.jpg,clothes
img_2669.jpg,clothes
img_2670.jpg,glass
img_2671.jpg,biological
img_2672.jpg,battery
img_2673.jpg,biological
img_2674.jpg,paper
img_2675.jpg,paper
img_2676.jpg,paper
img_2677.jpg,shoes
img_2678.jpg,plastic
img_2679.jpg,battery
img_2680.jpg,battery
img_2681.jpg,cardboard
img_2682.jpg,biological
img_2683.jpg,plastic
img_2684.jpg,paper
img_2685.jpg,metal
img_2686.jpg,trash
img_2687.jpg,biological
img_2688.jpg,shoes
img_2689.jpg,battery
img_2690.jpg,clothes
img_2691.jpg,clothes
img_2692.jpg,trash
img_2693.jpg,plastic
img_2694.jpg,glass
img_2695.jpg,battery
img_2696.jpg,biological
img_2697.jpg,glass
img_2698.jpg,shoes
img_2699.jpg,trash
img_2700.jpg,battery
img_2701.jpg,cardboard
img_2702.jpg,metal
img_2703.jpg,battery
img_2704.jpg,clothes
img_2705.jpg,trash
img_2706.jpg,cardboard
img_2707.jpg,paper
img_2708.jpg,biological
img_2709.jpg,glass
img_2710.jpg,cardboard
img_2711.jpg,trash
img_2712.jpg,clothes
img_2713.jpg,trash
img_2714.jpg,paper
img_2715.jpg,shoes
img_2716.jpg,metal
img_2717.jpg,paper
img_2718.jpg,cardboard
img_2719.jpg,biological
img_2720.jpg,shoes
img_2721.jpg,metal
img_2722.jpg,battery
img_2723.jpg,biological
img_2724.jpg,paper
img_2725.jpg,clothes
img_2726.jpg,biological
img_2727.jpg,metal
img_2728.jpg,trash
img_2729.jpg,trash
img_2730.jpg,trash
img_2731.jpg,paper
img_2732.jpg,metal
img_2733.jpg,battery
img_2734.jpg,glass
img_2735.jpg,plastic
img_2736.jpg,plastic
img_2737.jpg,clothes
img_2738.jpg,metal
img_2739.jpg,shoes
img_2740.jpg,paper
img_2741.jpg,paper
img_2742.jpg,cardboard
img_2743.jpg,trash
img_2744.jpg,paper
img_2745.jpg,biological
img_2746.jpg,trash
img_2747.jpg,glass
img_2748.jpg,clothes
img_2749.jpg,biological
img_2750.jpg,biological
img_2751.jpg,glass
img_2752.jpg,cardboard
img_2753.jpg,paper
img_2754.jpg,cardboard
img_2755.jpg,paper
img_2756.jpg,metal
img_2757.jpg,metal
img_2758.jpg,biological
img_2759.jpg,biological
img_2760.jpg,battery
img_2761.jpg,glass
img_2762.jpg,plastic
img_2763.jpg,metal
img_2764.jpg,glass
img_2765.jpg,biological
img_2766.jpg,cardboard
img_2767.jpg,biological
img_2768.jpg,cardboard
img_2769.jpg,paper
img_2770.jpg,plastic
img_2771.jpg,shoes
img_2772.jpg,shoes
img_2773.jpg,shoes
img_2774.jpg,paper
img_2775.jpg,biological
img_2776.jpg,battery
img_2777.jpg,biological
img_2778.jpg,metal
img_2779.jpg,shoes
img_2780.jpg,biological
img_2781.jpg,trash
img_2782.jpg,trash
img_2783.jpg,metal
img_2784.jpg,paper
img_2785.jpg,battery
img_2786.jpg,glass
img_2787.jpg,paper
img_2788.jpg,paper
img_2789.jpg,biological
img_2790.jpg,shoes
img_2791.jpg,clothes
img_2792.jpg,trash
img_2793.jpg,shoes
img_2794.jpg,cardboard
img_2795.jpg,paper
img_2796.jpg,cardboard
img_2797.jpg,cardboard
img_2798.jpg,glass
img_2799.jpg,glass
img_2800.jpg,glass
img_2801.jpg,plastic
img_2802.jpg,cardboard
img_2803.jpg,biological
img_2804.jpg,cardboard
img_2805.jpg,paper
img_2806.jpg,glass
img_2807.jpg,paper
img_2808.jpg,glass
img_2809.jpg,plastic
img_2810.jpg,biological
img_2811.jpg,metal
img_2812.jpg,glass
img_2813.jpg,clothes
img_2814.png,plastic
img_2815.jpg,trash
img_2816.jpg,trash
img_2817.jpg,clothes
img_2818.jpg,plastic
img_2819.jpg,biological
img_2820.jpg,cardboard
img_2821.jpg,glass
img_2822.jpg,battery
img_2823.jpg,paper
img_2824.jpg,metal
img_2825.jpg,trash
img_2826.jpg,paper
img_2827.jpg,metal
img_2828.jpg,plastic
img_2829.jpg,metal
img_2830.jpg,paper
img_2831.jpg,trash
img_2832.jpg,cardboard
img_2833.jpg,glass
img_2834.jpg,metal
img_2835.jpg,trash
img_2836.jpg,clothes
img_2837.jpg,plastic
img_2838.jpg,metal
img_2839.jpg,cardboard
img_2840.jpg,paper
img_2841.jpg,metal
img_2842.jpg,glass
img_2843.jpg,plastic
img_2844.jpg,trash
img_2845.jpg,clothes
img_2846.jpg,metal
img_2847.jpg,paper
img_2848.jpg,glass
img_2849.jpg,paper
img_2850.jpg,metal
img_2851.jpg,biological
img_2852.jpg,trash
img_2853.jpg,clothes
img_2854.jpg,trash
img_2855.jpg,shoes
img_2856.jpg,cardboard
img_2857.jpg,shoes
img_2858.jpg,battery
img_2859.jpg,plastic
img_2860.jpg,clothes
img_2861.jpg,plastic
img_2862.jpg,glass
img_2863.jpg,biological
img_2864.jpg,paper
img_2865.jpg,plastic
img_2866.jpg,cardboard
img_2867.jpg,glass
img_2868.jpg,clothes
img_2869.jpg,glass
img_2870.jpg,cardboard
img_2871.jpg,paper
img_2872.jpg,paper
img_2873.jpg,biological
img_2874.jpg,plastic
img_2875.jpg,trash
img_2876.jpg,plastic
img_2877.jpg,trash
img_2878.jpg,paper
img_2879.jpg,shoes
img_2880.jpg,shoes
img_2881.png,paper
img_2882.jpg,shoes
img_2883.jpg,battery
img_2884.jpg,metal
img_2885.jpg,shoes
img_2886.jpg,trash
img_2887.jpg,biological
img_2888.jpg,biological
img_2889.jpg,clothes
img_2890.jpg,metal
img_2891.jpg,cardboard
img_2892.jpg,trash
img_2893.jpg,battery
img_2894.jpg,trash
img_2895.jpg,paper
img_2896.jpg,metal
img_2897.jpg,paper
img_2898.jpg,biological
img_2899.jpg,battery
img_2900.jpg,biological
img_2901.jpg,glass
img_2902.jpg,clothes
img_2903.jpg,shoes
img_2904.jpg,shoes
img_2905.jpg,shoes
img_2906.jpg,trash
img_2907.jpg,trash
img_2908.jpg,clothes
img_2909.jpg,plastic
img_2910.jpg,metal
img_2911.jpg,paper
img_2912.jpg,plastic
img_2913.jpg,trash
img_2914.jpg,shoes
img_2915.jpg,cardboard
img_2916.jpg,metal
img_2917.jpg,battery
img_2918.jpg,plastic
img_2919.jpg,biological
img_2920.jpg,glass
img_2921.jpg,paper
img_2922.jpg,biological
img_2923.jpg,biological
img_2924.jpg,cardboard
img_2925.jpg,metal
img_2926.jpg,glass
img_2927.jpg,metal
img_2928.jpg,plastic
img_2929.jpg,clothes
img_2930.jpg,shoes
img_2931.jpg,plastic
img_2932.jpg,metal
img_2933.jpg,plastic
img_2934.jpg,biological
img_2935.jpg,plastic
img_2936.jpg,plastic
img_2937.jpg,metal
img_2938.jpg,biological
img_2939.jpg,glass
img_2940.jpg,battery
img_2941.jpg,biological
img_2942.jpg,battery
img_2943.jpg,metal
img_2944.jpg,biological
img_2945.jpg,cardboard
img_2946.jpg,clothes
img_2947.jpg,shoes
img_2948.jpg,cardboard
img_2949.jpg,shoes
img_2950.jpg,cardboard
img_2951.jpg,metal
img_2952.jpg,shoes
img_2953.jpg,paper
img_2954.jpg,plastic
img_2955.jpg,clothes
img_2956.jpg,paper
img_2957.jpg,cardboard
img_2958.jpg,cardboard
img_2959.jpg,paper
img_2960.jpg,paper
img_2961.jpg,battery
img_2962.jpg,trash
img_2963.jpg,clothes
img_2964.jpg,plastic
img_2965.jpg,trash
img_2966.jpg,paper
img_2967.jpg,paper
img_2968.jpg,battery
img_2969.jpg,clothes
img_2970.jpg,clothes
img_2971.jpg,glass
img_2972.jpg,biological
img_2973.jpg,trash
img_2974.jpg,biological
img_2975.jpg,shoes
img_2976.jpg,cardboard
img_2977.jpg,metal
img_2978.jpg,metal
img_2979.jpg,clothes
img_2980.jpg,plastic
img_2981.jpg,biological
img_2982.jpg,glass
img_2983.jpg,plastic
img_2984.jpg,shoes
img_2985.jpg,metal
img_2986.jpg,trash
img_2987.jpg,paper
img_2988.jpg,trash
img_2989.jpg,paper
img_2990.jpg,trash
img_2991.jpg,biological
img_2992.jpg,metal
img_2993.jpg,metal
img_2994.jpg,plastic
img_2995.jpg,trash
img_2996.jpg,cardboard
img_2997.jpg,glass
img_2998.jpg,trash
img_2999.jpg,trash
img_3000.jpg,biological
img_3001.jpg,cardboard
img_3002.jpg,metal
img_3003.jpg,biological
img_3004.jpg,clothes
img_3005.png,glass
img_3006.jpg,biological
img_3007.jpg,cardboard
img_3008.jpg,metal
img_3009.jpg,cardboard
img_3010.jpg,shoes
img_3011.jpg,paper
img_3012.jpg,paper
img_3013.jpg,trash
img_3014.jpg,cardboard
img_3015.jpg,trash
img_3016.jpg,paper
img_3017.jpg,paper
img_3018.jpg,cardboard
img_3019.jpg,plastic
img_3020.jpg,shoes
img_3021.jpg,cardboard
img_3022.jpg,shoes
img_3023.jpg,cardboard
img_3024.jpg,plastic
img_3025.jpg,glass
img_3026.jpg,cardboard
img_3027.jpg,cardboard
img_3028.jpg,metal
img_3029.jpg,plastic
img_3030.jpg,trash
img_3031.jpg,battery
img_3032.jpg,metal
img_3033.jpg,battery
img_3034.jpg,plastic
img_3035.jpg,cardboard
img_3036.jpg,clothes
img_3037.jpg,paper
img_3038.jpg,shoes
img_3039.jpg,shoes
img_3040.jpg,plastic
img_3041.jpg,paper
img_3042.jpg,plastic
img_3043.jpg,paper
img_3044.jpg,plastic
img_3045.jpg,plastic
img_3046.jpg,cardboard
img_3047.jpg,biological
img_3048.jpg,trash
img_3049.jpg,battery
img_3050.jpg,clothes
img_3051.jpg,glass
img_3052.jpg,battery
img_3053.jpg,glass
img_3054.jpg,clothes
img_3055.jpg,shoes
img_3056.jpg,glass
img_3057.jpg,cardboard
img_3058.jpg,plastic
img_3059.jpg,trash
img_3060.jpg,plastic
img_3061.jpg,shoes
img_3062.jpg,shoes
img_3063.jpg,biological
img_3064.jpg,trash
img_3065.jpg,biological
img_3066.jpg,glass
img_3067.jpg,shoes
img_3068.jpg,metal
img_3069.jpg,shoes
img_3070.jpg,battery
img_3071.jpg,plastic
img_3072.jpg,shoes
img_3073.jpg,clothes
img_3074.jpg,paper
img_3075.jpg,biological
img_3076.jpg,clothes
img_3077.jpg,glass
img_3078.jpg,battery
img_3079.jpg,plastic
img_3080.jpg,glass
img_3081.jpg,metal
img_3082.jpg,biological
img_3083.jpg,plastic
img_3084.jpg,biological
img_3085.jpg,clothes
img_3086.jpg,clothes
img_3087.jpg,trash
img_3088.jpg,metal
img_3089.jpg,trash
img_3090.jpg,paper
img_3091.jpg,cardboard
img_3092.jpg,trash
img_3093.jpg,cardboard
img_3094.jpg,clothes
img_3095.jpg,clothes
img_3096.jpg,battery
img_3097.jpg,trash
img_3098.jpg,metal
img_3099.jpg,shoes
img_3100.jpg,glass
img_3101.jpg,trash
img_3102.jpg,shoes
img_3103.jpg,cardboard
img_3104.jpg,metal
img_3105.jpg,glass
img_3106.jpg,glass
img_3107.jpg,trash
img_3108.jpg,glass
img_3109.jpg,shoes
img_3110.jpg,biological
img_3111.jpg,cardboard
img_3112.jpg,paper
img_3113.jpg,battery
img_3114.jpg,glass
img_3115.jpg,cardboard
img_3116.jpg,cardboard
img_3117.jpg,clothes
img_3118.jpg,cardboard
img_3119.jpg,metal
img_3120.jpg,clothes
img_3121.jpg,paper
img_3122.jpg,plastic
img_3123.jpg,cardboard
img_3124.jpg,trash
img_3125.jpg,glass
img_3126.jpg,paper
img_3127.jpg,paper
img_3128.jpg,plastic
img_3129.jpg,biological
img_3130.jpg,biological
img_3131.jpg,paper
img_3132.jpg,shoes
img_3133.jpg,glass
img_3134.jpg,metal
img_3135.jpg,plastic
img_3136.jpg,plastic
img_3137.jpg,metal
img_3138.jpg,trash
img_3139.jpg,battery
img_3140.jpg,biological
img_3141.jpg,plastic
img_3142.jpg,metal
img_3143.jpg,biological
img_3144.jpg,shoes
img_3145.jpg,paper
img_3146.jpg,clothes
img_3147.jpg,paper
img_3148.jpg,clothes
img_3149.jpg,plastic
img_3150.jpg,glass
img_3151.jpg,metal
img_3152.jpg,glass
img_3153.jpg,metal
img_3154.jpg,shoes
img_3155.jpg,trash
img_3156.jpg,cardboard
img_3157.jpg,trash
img_3158.jpg,plastic
img_3159.jpg,metal
img_3160.jpg,battery
img_3161.jpg,battery
img_3162.jpg,biological
img_3163.jpg,plastic
img_3164.jpg,battery
img_3165.jpg,biological
img_3166.jpg,cardboard
img_3167.jpg,plastic
img_3168.jpg,plastic
img_3169.jpg,battery
img_3170.jpg,paper
img_3171.jpg,clothes
img_3172.jpg,cardboard
img_3173.jpg,glass
img_3174.jpg,cardboard
img_3175.jpg,glass
img_3176.jpg,biological
img_3177.jpg,metal
img_3178.jpg,glass
img_3179.jpg,biological
img_3180.jpg,metal
img_3181.jpg,cardboard
img_3182.jpg,battery
img_3183.jpg,paper
img_3184.jpg,glass
img_3185.jpg,clothes
img_3186.jpg,paper
img_3187.jpg,biological
img_3188.jpg,biological
img_3189.jpg,battery
img_3190.jpg,clothes
img_3191.jpg,plastic
img_3192.jpg,biological
img_3193.jpg,cardboard
img_3194.jpg,trash
img_3195.jpg,clothes
img_3196.jpg,shoes
img_3197.jpg,plastic
img_3198.jpg,battery
img_3199.jpg,battery
img_3200.jpg,metal
img_3201.jpg,biological
img_3202.jpg,paper
img_3203.jpg,cardboard
img_3204.jpg,plastic
img_3205.jpg,biological
img_3206.jpg,clothes
img_3207.jpg,paper
img_3208.jpg,biological
img_3209.jpg,biological
img_3210.jpg,biological
img_3211.jpg,metal
img_3212.jpg,metal
img_3213.jpg,glass
img_3214.jpg,cardboard
img_3215.jpg,paper
img_3216.jpg,cardboard
img_3217.jpg,cardboard
img_3218.jpg,biological
img_3219.jpg,shoes
img_3220.jpg,trash
img_3221.jpg,battery
img_3222.jpg,trash
img_3223.jpg,cardboard
img_3224.jpg,plastic
img_3225.jpg,metal
img_3226.jpg,clothes
img_3227.jpg,cardboard
img_3228.jpg,paper
img_3229.jpg,trash
img_3230.jpg,plastic
img_3231.jpg,clothes
img_3232.jpg,biological
img_3233.jpg,biological
img_3234.jpg,cardboard
img_3235.jpg,biological
img_3236.jpg,trash
img_3237.jpg,paper
img_3238.jpg,metal
img_3239.jpg,paper
img_3240.jpg,metal
img_3241.jpg,cardboard
img_3242.jpg,clothes
img_3243.jpg,glass
img_3244.jpg,biological
img_3245.jpg,clothes
img_3246.jpg,shoes
img_3247.jpg,trash
img_3248.jpg,trash
img_3249.jpg,trash
img_3250.jpg,glass
img_3251.jpg,battery
img_3252.jpg,glass
img_3253.jpg,clothes
img_3254.jpg,shoes
img_3255.jpg,trash
img_3256.jpg,shoes
img_3257.jpg,clothes
img_3258.jpg,paper
img_3259.jpg,glass
img_3260.jpg,battery
img_3261.jpg,clothes
img_3262.jpg,plastic
img_3263.jpg,paper
img_3264.jpg,biological
img_3265.jpg,clothes
img_3266.jpg,plastic
img_3267.jpg,trash
img_3268.jpg,biological
img_3269.jpg,shoes
img_3270.jpg,battery
img_3271.jpg,metal
img_3272.jpg,metal
img_3273.jpg,cardboard
img_3274.jpg,paper
img_3275.jpg,trash
img_3276.jpg,paper
img_3277.jpg,metal
img_3278.jpg,shoes
img_3279.jpg,cardboard
img_3280.jpg,plastic
img_3281.jpg,biological
img_3282.jpg,battery
img_3283.jpg,trash
img_3284.jpg,biological
img_3285.jpg,battery
img_3286.jpg,glass
img_3287.jpg,clothes
img_3288.jpg,battery
img_3289.jpg,battery
img_3290.jpg,paper
img_3291.jpg,shoes
img_3292.jpg,glass
img_3293.jpg,shoes
img_3294.jpg,paper
img_3295.jpg,paper
img_3296.jpg,paper
img_3297.jpg,biological
img_3298.jpg,shoes
img_3299.jpg,shoes
img_3300.jpg,trash
img_3301.jpg,cardboard
img_3302.jpg,glass
img_3303.jpg,biological
img_3304.jpg,glass
img_3305.jpg,biological
img_3306.jpg,shoes
img_3307.jpg,clothes
img_3308.jpg,cardboard
img_3309.jpg,shoes
img_3310.jpg,metal
img_3311.jpg,paper
img_3312.jpg,trash
img_3313.jpg,biological
img_3314.jpg,glass
img_3315.jpg,paper
img_3316.jpg,clothes
img_3317.jpg,battery
img_3318.jpg,clothes
img_3319.jpg,biological
img_3320.jpg,paper
img_3321.jpg,biological
img_3322.jpg,plastic
img_3323.jpg,trash
img_3324.jpg,trash
img_3325.jpg,battery
img_3326.jpg,glass
img_3327.jpg,cardboard
img_3328.jpg,biological
img_3329.jpg,battery
img_3330.jpg,cardboard
img_3331.jpg,battery
img_3332.jpg,cardboard
img_3333.jpg,plastic
img_3334.jpg,metal
img_3335.jpg,shoes
img_3336.jpg,shoes
img_3337.jpg,glass
img_3338.jpg,cardboard
img_3339.jpg,metal
img_3340.jpg,cardboard
img_3341.jpg,glass
